question_id,term_id,display_text,order,active
Q000001,TERM001,character set,1,TRUE
Q000002,TERM001,character set,1,TRUE
Q000003,TERM001,character set,1,TRUE
Q000004,TERM001,character set,1,TRUE
Q000005,TERM001,character set,1,TRUE
Q000006,TERM002,token,1,TRUE
Q000007,TERM002,token,1,TRUE
Q000008,TERM002,token,1,TRUE
Q000008,TERM001,character set,2,TRUE
Q000009,TERM002,token,1,TRUE
Q000009,TERM001,character set,2,TRUE
Q000010,TERM002,token,1,TRUE
Q000010,TERM001,character set,2,TRUE
Q000011,TERM003,keyword,1,TRUE
Q000012,TERM003,keyword,1,TRUE
Q000013,TERM003,keyword,1,TRUE
Q000013,TERM002,token,2,TRUE
Q000014,TERM003,keyword,1,TRUE
Q000014,TERM002,token,2,TRUE
Q000014,TERM001,character set,3,TRUE
Q000015,TERM003,keyword,1,TRUE
Q000015,TERM002,token,2,TRUE
Q000015,TERM001,character set,3,TRUE
Q000016,TERM004,identifier,1,TRUE
Q000017,TERM004,identifier,1,TRUE
Q000018,TERM004,identifier,1,TRUE
Q000018,TERM003,keyword,2,TRUE
Q000019,TERM004,identifier,1,TRUE
Q000019,TERM003,keyword,2,TRUE
Q000019,TERM002,token,3,TRUE
Q000020,TERM004,identifier,1,TRUE
Q000020,TERM003,keyword,2,TRUE
Q000020,TERM002,token,3,TRUE
Q000021,TERM005,constant,1,TRUE
Q000022,TERM005,constant,1,TRUE
Q000023,TERM005,constant,1,TRUE
Q000023,TERM004,identifier,2,TRUE
Q000024,TERM005,constant,1,TRUE
Q000024,TERM004,identifier,2,TRUE
Q000024,TERM003,keyword,3,TRUE
Q000025,TERM005,constant,1,TRUE
Q000025,TERM004,identifier,2,TRUE
Q000025,TERM003,keyword,3,TRUE
Q000026,TERM006,integer constant,1,TRUE
Q000027,TERM006,integer constant,1,TRUE
Q000028,TERM006,integer constant,1,TRUE
Q000028,TERM005,constant,2,TRUE
Q000029,TERM006,integer constant,1,TRUE
Q000029,TERM005,constant,2,TRUE
Q000029,TERM004,identifier,3,TRUE
Q000030,TERM006,integer constant,1,TRUE
Q000030,TERM005,constant,2,TRUE
Q000030,TERM004,identifier,3,TRUE
Q000031,TERM007,octal,1,TRUE
Q000032,TERM007,octal,1,TRUE
Q000033,TERM007,octal,1,TRUE
Q000033,TERM006,integer constant,2,TRUE
Q000034,TERM007,octal,1,TRUE
Q000034,TERM006,integer constant,2,TRUE
Q000034,TERM005,constant,3,TRUE
Q000035,TERM007,octal,1,TRUE
Q000035,TERM006,integer constant,2,TRUE
Q000035,TERM005,constant,3,TRUE
Q000036,TERM008,suffix,1,TRUE
Q000037,TERM008,suffix,1,TRUE
Q000038,TERM008,suffix,1,TRUE
Q000038,TERM007,octal,2,TRUE
Q000039,TERM008,suffix,1,TRUE
Q000039,TERM007,octal,2,TRUE
Q000039,TERM006,integer constant,3,TRUE
Q000040,TERM008,suffix,1,TRUE
Q000040,TERM007,octal,2,TRUE
Q000040,TERM006,integer constant,3,TRUE
Q000041,TERM009,real constant,1,TRUE
Q000042,TERM009,real constant,1,TRUE
Q000043,TERM009,real constant,1,TRUE
Q000043,TERM008,suffix,2,TRUE
Q000044,TERM009,real constant,1,TRUE
Q000044,TERM008,suffix,2,TRUE
Q000044,TERM007,octal,3,TRUE
Q000045,TERM009,real constant,1,TRUE
Q000045,TERM008,suffix,2,TRUE
Q000045,TERM007,octal,3,TRUE
Q000046,TERM010,scientific notation,1,TRUE
Q000047,TERM010,scientific notation,1,TRUE
Q000048,TERM010,scientific notation,1,TRUE
Q000048,TERM009,real constant,2,TRUE
Q000049,TERM010,scientific notation,1,TRUE
Q000049,TERM009,real constant,2,TRUE
Q000049,TERM008,suffix,3,TRUE
Q000050,TERM010,scientific notation,1,TRUE
Q000050,TERM009,real constant,2,TRUE
Q000050,TERM008,suffix,3,TRUE
Q000051,TERM011,character constant,1,TRUE
Q000052,TERM011,character constant,1,TRUE
Q000053,TERM011,character constant,1,TRUE
Q000053,TERM010,scientific notation,2,TRUE
Q000054,TERM011,character constant,1,TRUE
Q000054,TERM010,scientific notation,2,TRUE
Q000054,TERM009,real constant,3,TRUE
Q000055,TERM011,character constant,1,TRUE
Q000055,TERM010,scientific notation,2,TRUE
Q000055,TERM009,real constant,3,TRUE
Q000056,TERM012,string constant,1,TRUE
Q000057,TERM012,string constant,1,TRUE
Q000058,TERM012,string constant,1,TRUE
Q000058,TERM011,character constant,2,TRUE
Q000059,TERM012,string constant,1,TRUE
Q000059,TERM011,character constant,2,TRUE
Q000059,TERM010,scientific notation,3,TRUE
Q000060,TERM012,string constant,1,TRUE
Q000060,TERM011,character constant,2,TRUE
Q000060,TERM010,scientific notation,3,TRUE
Q000061,TERM013,escape sequence,1,TRUE
Q000062,TERM013,escape sequence,1,TRUE
Q000063,TERM013,escape sequence,1,TRUE
Q000063,TERM012,string constant,2,TRUE
Q000064,TERM013,escape sequence,1,TRUE
Q000064,TERM012,string constant,2,TRUE
Q000064,TERM011,character constant,3,TRUE
Q000065,TERM013,escape sequence,1,TRUE
Q000065,TERM012,string constant,2,TRUE
Q000065,TERM011,character constant,3,TRUE
Q000066,TERM014,variable,1,TRUE
Q000067,TERM014,variable,1,TRUE
Q000068,TERM014,variable,1,TRUE
Q000068,TERM013,escape sequence,2,TRUE
Q000069,TERM014,variable,1,TRUE
Q000069,TERM013,escape sequence,2,TRUE
Q000069,TERM012,string constant,3,TRUE
Q000070,TERM014,variable,1,TRUE
Q000070,TERM013,escape sequence,2,TRUE
Q000070,TERM012,string constant,3,TRUE
Q000071,TERM015,case sensitivity,1,TRUE
Q000072,TERM015,case sensitivity,1,TRUE
Q000073,TERM015,case sensitivity,1,TRUE
Q000073,TERM014,variable,2,TRUE
Q000074,TERM015,case sensitivity,1,TRUE
Q000074,TERM014,variable,2,TRUE
Q000074,TERM013,escape sequence,3,TRUE
Q000075,TERM015,case sensitivity,1,TRUE
Q000075,TERM014,variable,2,TRUE
Q000075,TERM013,escape sequence,3,TRUE
Q000076,TERM016,data type,1,TRUE
Q000077,TERM016,data type,1,TRUE
Q000078,TERM016,data type,1,TRUE
Q000078,TERM015,case sensitivity,2,TRUE
Q000079,TERM016,data type,1,TRUE
Q000079,TERM015,case sensitivity,2,TRUE
Q000079,TERM014,variable,3,TRUE
Q000080,TERM016,data type,1,TRUE
Q000080,TERM015,case sensitivity,2,TRUE
Q000080,TERM014,variable,3,TRUE
Q000081,TERM017,integer type,1,TRUE
Q000082,TERM017,integer type,1,TRUE
Q000083,TERM017,integer type,1,TRUE
Q000083,TERM016,data type,2,TRUE
Q000084,TERM017,integer type,1,TRUE
Q000084,TERM016,data type,2,TRUE
Q000084,TERM015,case sensitivity,3,TRUE
Q000085,TERM017,integer type,1,TRUE
Q000085,TERM016,data type,2,TRUE
Q000085,TERM015,case sensitivity,3,TRUE
Q000086,TERM018,floating-point type,1,TRUE
Q000087,TERM018,floating-point type,1,TRUE
Q000088,TERM018,floating-point type,1,TRUE
Q000088,TERM017,integer type,2,TRUE
Q000089,TERM018,floating-point type,1,TRUE
Q000089,TERM017,integer type,2,TRUE
Q000089,TERM016,data type,3,TRUE
Q000090,TERM018,floating-point type,1,TRUE
Q000090,TERM017,integer type,2,TRUE
Q000090,TERM016,data type,3,TRUE
Q000091,TERM019,char,1,TRUE
Q000092,TERM019,char,1,TRUE
Q000093,TERM019,char,1,TRUE
Q000093,TERM018,floating-point type,2,TRUE
Q000094,TERM019,char,1,TRUE
Q000094,TERM018,floating-point type,2,TRUE
Q000094,TERM017,integer type,3,TRUE
Q000095,TERM019,char,1,TRUE
Q000095,TERM018,floating-point type,2,TRUE
Q000095,TERM017,integer type,3,TRUE
Q000096,TERM020,declaration,1,TRUE
Q000097,TERM020,declaration,1,TRUE
Q000098,TERM020,declaration,1,TRUE
Q000098,TERM019,char,2,TRUE
Q000099,TERM020,declaration,1,TRUE
Q000099,TERM019,char,2,TRUE
Q000099,TERM018,floating-point type,3,TRUE
Q000100,TERM020,declaration,1,TRUE
Q000100,TERM019,char,2,TRUE
Q000100,TERM018,floating-point type,3,TRUE
Q000101,TERM021,typedef,1,TRUE
Q000102,TERM021,typedef,1,TRUE
Q000103,TERM021,typedef,1,TRUE
Q000103,TERM020,declaration,2,TRUE
Q000104,TERM021,typedef,1,TRUE
Q000104,TERM020,declaration,2,TRUE
Q000104,TERM019,char,3,TRUE
Q000105,TERM021,typedef,1,TRUE
Q000105,TERM020,declaration,2,TRUE
Q000105,TERM019,char,3,TRUE
Q000106,TERM022,enum,1,TRUE
Q000107,TERM022,enum,1,TRUE
Q000108,TERM022,enum,1,TRUE
Q000108,TERM021,typedef,2,TRUE
Q000109,TERM022,enum,1,TRUE
Q000109,TERM021,typedef,2,TRUE
Q000109,TERM020,declaration,3,TRUE
Q000110,TERM022,enum,1,TRUE
Q000110,TERM021,typedef,2,TRUE
Q000110,TERM020,declaration,3,TRUE
Q000111,TERM023,storage class,1,TRUE
Q000112,TERM023,storage class,1,TRUE
Q000113,TERM023,storage class,1,TRUE
Q000113,TERM022,enum,2,TRUE
Q000114,TERM023,storage class,1,TRUE
Q000114,TERM022,enum,2,TRUE
Q000114,TERM021,typedef,3,TRUE
Q000115,TERM023,storage class,1,TRUE
Q000115,TERM022,enum,2,TRUE
Q000115,TERM021,typedef,3,TRUE
Q000116,TERM024,assignment,1,TRUE
Q000117,TERM024,assignment,1,TRUE
Q000118,TERM024,assignment,1,TRUE
Q000118,TERM023,storage class,2,TRUE
Q000119,TERM024,assignment,1,TRUE
Q000119,TERM023,storage class,2,TRUE
Q000119,TERM022,enum,3,TRUE
Q000120,TERM024,assignment,1,TRUE
Q000120,TERM023,storage class,2,TRUE
Q000120,TERM022,enum,3,TRUE
Q000121,TERM025,initialization,1,TRUE
Q000122,TERM025,initialization,1,TRUE
Q000123,TERM025,initialization,1,TRUE
Q000123,TERM024,assignment,2,TRUE
Q000124,TERM025,initialization,1,TRUE
Q000124,TERM024,assignment,2,TRUE
Q000124,TERM023,storage class,3,TRUE
Q000125,TERM025,initialization,1,TRUE
Q000125,TERM024,assignment,2,TRUE
Q000125,TERM023,storage class,3,TRUE
Q000126,TERM026,scanf,1,TRUE
Q000127,TERM026,scanf,1,TRUE
Q000128,TERM026,scanf,1,TRUE
Q000128,TERM025,initialization,2,TRUE
Q000129,TERM026,scanf,1,TRUE
Q000129,TERM025,initialization,2,TRUE
Q000129,TERM024,assignment,3,TRUE
Q000130,TERM026,scanf,1,TRUE
Q000130,TERM025,initialization,2,TRUE
Q000130,TERM024,assignment,3,TRUE
Q000131,TERM027,symbolic constant,1,TRUE
Q000132,TERM027,symbolic constant,1,TRUE
Q000133,TERM027,symbolic constant,1,TRUE
Q000133,TERM026,scanf,2,TRUE
Q000134,TERM027,symbolic constant,1,TRUE
Q000134,TERM026,scanf,2,TRUE
Q000134,TERM025,initialization,3,TRUE
Q000135,TERM027,symbolic constant,1,TRUE
Q000135,TERM026,scanf,2,TRUE
Q000135,TERM025,initialization,3,TRUE
Q000136,TERM028,const,1,TRUE
Q000137,TERM028,const,1,TRUE
Q000138,TERM028,const,1,TRUE
Q000138,TERM027,symbolic constant,2,TRUE
Q000139,TERM028,const,1,TRUE
Q000139,TERM027,symbolic constant,2,TRUE
Q000139,TERM026,scanf,3,TRUE
Q000140,TERM028,const,1,TRUE
Q000140,TERM027,symbolic constant,2,TRUE
Q000140,TERM026,scanf,3,TRUE
Q000141,TERM029,volatile,1,TRUE
Q000142,TERM029,volatile,1,TRUE
Q000143,TERM029,volatile,1,TRUE
Q000143,TERM028,const,2,TRUE
Q000144,TERM029,volatile,1,TRUE
Q000144,TERM028,const,2,TRUE
Q000144,TERM027,symbolic constant,3,TRUE
Q000145,TERM029,volatile,1,TRUE
Q000145,TERM028,const,2,TRUE
Q000145,TERM027,symbolic constant,3,TRUE
Q000146,TERM030,overflow,1,TRUE
Q000147,TERM030,overflow,1,TRUE
Q000148,TERM030,overflow,1,TRUE
Q000148,TERM029,volatile,2,TRUE
Q000149,TERM030,overflow,1,TRUE
Q000149,TERM029,volatile,2,TRUE
Q000149,TERM028,const,3,TRUE
Q000150,TERM030,overflow,1,TRUE
Q000150,TERM029,volatile,2,TRUE
Q000150,TERM028,const,3,TRUE