option_id,question_id,option_text,order,active
O0000001,Q000002,int age = 18;,1,TRUE
O0000002,Q000002,int age = 18；,2,TRUE
O0000003,Q000002,"printf(""A\n"");",3,TRUE
O0000004,Q000002,;,4,TRUE
O0000005,Q000003,A,1,TRUE
O0000006,Q000003,No output,2,TRUE
O0000007,Q000003,a,3,TRUE
O0000008,Q000003,A ,4,TRUE
O0000009,Q000005,int age = 18;,1,TRUE
O0000010,Q000005,int age = 18；,2,TRUE
O0000011,Q000005,int total₹ = 10;,3,TRUE
O0000012,Q000005,Use ₹ and ignore the chapter rule.,4,TRUE
O0000013,Q000007,int count = 10;,1,TRUE
O0000014,Q000007,intcount = 10;,2,TRUE
O0000015,Q000007,char grade = 'A';,3,TRUE
O0000016,Q000007,int count,4,TRUE
O0000017,Q000008,10,1,TRUE
O0000018,Q000008,11,2,TRUE
O0000019,Q000008,9,3,TRUE
O0000020,Q000008,0,4,TRUE
O0000021,Q000010,int count = 10;,1,TRUE
O0000022,Q000010,intcount = 10;,2,TRUE
O0000023,Q000010,int count 10;,3,TRUE
O0000024,Q000010,int age = 18；,4,TRUE
O0000025,Q000012,int age = 18;,1,TRUE
O0000026,Q000012,int int = 18;,2,TRUE
O0000027,Q000012,float amount;,3,TRUE
O0000028,Q000012,student_age,4,TRUE
O0000029,Q000013,18,1,TRUE
O0000030,Q000013,19,2,TRUE
O0000031,Q000013,17,3,TRUE
O0000032,Q000013,0,4,TRUE
O0000033,Q000015,int age = 18;,1,TRUE
O0000034,Q000015,int int = 18;,2,TRUE
O0000035,Q000015,float while = 2.5;,3,TRUE
O0000036,Q000015,intcount = 10;,4,TRUE
O0000037,Q000017,int score2 = 90;,1,TRUE
O0000038,Q000017,int 2score = 90;,2,TRUE
O0000039,Q000017,int average_number = 10;,3,TRUE
O0000040,Q000017,score2,4,TRUE
O0000041,Q000018,5 7,1,TRUE
O0000042,Q000018,No output,2,TRUE
O0000043,Q000018,5 7 ,3,TRUE
O0000044,Q000018,Compiler error,4,TRUE
O0000045,Q000020,int score2 = 90;,1,TRUE
O0000046,Q000020,int 2score = 90;,2,TRUE
O0000047,Q000020,int student score = 90;,3,TRUE
O0000048,Q000020,int int = 18;,4,TRUE
O0000049,Q000022,int age = 18;,1,TRUE
O0000050,Q000022,int age = eighteen;,2,TRUE
O0000051,Q000022,char grade = 'A';,3,TRUE
O0000052,Q000022,18,4,TRUE
O0000053,Q000023,25,1,TRUE
O0000054,Q000023,26,2,TRUE
O0000055,Q000023,24,3,TRUE
O0000056,Q000023,0,4,TRUE
O0000057,Q000025,int age = 18;,1,TRUE
O0000058,Q000025,int age = eighteen;,2,TRUE
O0000059,Q000025,"char grade = ""A"";",3,TRUE
O0000060,Q000025,int 2score = 90;,4,TRUE
O0000061,Q000027,int people = 20000;,1,TRUE
O0000062,Q000027,"int people = 20,000;",2,TRUE
O0000063,Q000027,int change = -321;,3,TRUE
O0000064,Q000027,20000,4,TRUE
O0000065,Q000028,123,1,TRUE
O0000066,Q000028,124,2,TRUE
O0000067,Q000028,122,3,TRUE
O0000068,Q000028,0,4,TRUE
O0000069,Q000030,int people = 20000;,1,TRUE
O0000070,Q000030,"int people = 20,000;",2,TRUE
O0000071,Q000030,int total = 15 750;,3,TRUE
O0000072,Q000030,int age = eighteen;,4,TRUE
O0000073,Q000032,int a = 037;,1,TRUE
O0000074,Q000032,int a = 089;,2,TRUE
O0000075,Q000032,int b = 0x9F;,3,TRUE
O0000076,Q000032,037,4,TRUE
O0000077,Q000033,10,1,TRUE
O0000078,Q000033,11,2,TRUE
O0000079,Q000033,9,3,TRUE
O0000080,Q000033,0,4,TRUE
O0000081,Q000035,int a = 037;,1,TRUE
O0000082,Q000035,int a = 089;,2,TRUE
O0000083,Q000035,int b = 0xG1;,3,TRUE
O0000084,Q000035,"int people = 20,000;",4,TRUE
O0000085,Q000037,unsigned long n = 1234UL;,1,TRUE
O0000086,Q000037,long distance = 90000 L;,2,TRUE
O0000087,Q000037,long distance = 90000L;,3,TRUE
O0000088,Q000037,56789U,4,TRUE
O0000089,Q000038,12,1,TRUE
O0000090,Q000038,13,2,TRUE
O0000091,Q000038,11,3,TRUE
O0000092,Q000038,0,4,TRUE
O0000093,Q000040,unsigned long n = 1234UL;,1,TRUE
O0000094,Q000040,long distance = 90000 L;,2,TRUE
O0000095,Q000040,unsigned n = U56789;,3,TRUE
O0000096,Q000040,int a = 089;,4,TRUE
O0000097,Q000042,double price = 75.84;,1,TRUE
O0000098,Q000042,double price = 75 .84;,2,TRUE
O0000099,Q000042,float ratio = 0.5f;,3,TRUE
O0000100,Q000042,17.548,4,TRUE
O0000101,Q000043,2.5,1,TRUE
O0000102,Q000043,3.5,2,TRUE
O0000103,Q000043,1.5,3,TRUE
O0000104,Q000043,2.50,4,TRUE
O0000105,Q000045,double price = 75.84;,1,TRUE
O0000106,Q000045,double price = 75 .84;,2,TRUE
O0000107,Q000045,double x = 1.5.2;,3,TRUE
O0000108,Q000045,long distance = 90000 L;,4,TRUE
O0000109,Q000047,double distance = 1.2E6;,1,TRUE
O0000110,Q000047,double x = 1.5E2.5;,2,TRUE
O0000111,Q000047,double tiny = 7.5E-3;,3,TRUE
O0000112,Q000047,1.5E-3,4,TRUE
O0000113,Q000048,100,1,TRUE
O0000114,Q000048,101,2,TRUE
O0000115,Q000048,99,3,TRUE
O0000116,Q000048,0,4,TRUE
O0000117,Q000050,double distance = 1.2E6;,1,TRUE
O0000118,Q000050,double x = 1.5E2.5;,2,TRUE
O0000119,Q000050,double x = 1.5 E3;,3,TRUE
O0000120,Q000050,double price = 75 .84;,4,TRUE
O0000121,Q000052,char grade = 'A';,1,TRUE
O0000122,Q000052,"char grade = ""A"";",2,TRUE
O0000123,Q000052,char digit = '5';,3,TRUE
O0000124,Q000052,'A',4,TRUE
O0000125,Q000053,A,1,TRUE
O0000126,Q000053,No output,2,TRUE
O0000127,Q000053,a,3,TRUE
O0000128,Q000053,A ,4,TRUE
O0000129,Q000055,char grade = 'A';,1,TRUE
O0000130,Q000055,"char grade = ""A"";",2,TRUE
O0000131,Q000055,char grade = 'AB';,3,TRUE
O0000132,Q000055,double x = 1.5E2.5;,4,TRUE
O0000133,Q000057,"printf(""Hello"");",1,TRUE
O0000134,Q000057,printf('Hello');,2,TRUE
O0000135,Q000057,"printf(""Age: 18"");",3,TRUE
O0000136,Q000057,"""Hello""",4,TRUE
O0000137,Q000058,Hello,1,TRUE
O0000138,Q000058,No output,2,TRUE
O0000139,Q000058,hello,3,TRUE
O0000140,Q000058,Hello ,4,TRUE
O0000141,Q000060,"printf(""Hello"");",1,TRUE
O0000142,Q000060,printf('Hello');,2,TRUE
O0000143,Q000060,"char c = ""A"";",3,TRUE
O0000144,Q000060,"char grade = ""A"";",4,TRUE
O0000145,Q000062,"printf(""A\nB"");",1,TRUE
O0000146,Q000062,"printf(""A B"");",2,TRUE
O0000147,Q000062,"printf(""C:\\temp"");",3,TRUE
O0000148,Q000062,C:\\temp,4,TRUE
O0000149,Q000063,"A
B",1,TRUE
O0000150,Q000063,A B,2,TRUE
O0000151,Q000063,A\nB,3,TRUE
O0000152,Q000063,AB,4,TRUE
O0000153,Q000065,"printf(""A\nB"");",1,TRUE
O0000154,Q000065,"printf(""A B"");",2,TRUE
O0000155,Q000065,"printf(""C:\temp"");",3,TRUE
O0000156,Q000065,printf('Hello');,4,TRUE
O0000157,Q000067,int age = 18; age = 19;,1,TRUE
O0000158,Q000067,int int = 18;,2,TRUE
O0000159,Q000067,float amount = 30.75f;,3,TRUE
O0000160,Q000067,int age = 18;,4,TRUE
O0000161,Q000068,19,1,TRUE
O0000162,Q000068,20,2,TRUE
O0000163,Q000068,18,3,TRUE
O0000164,Q000068,0,4,TRUE
O0000165,Q000070,int age = 18; age = 19;,1,TRUE
O0000166,Q000070,int int = 18;,2,TRUE
O0000167,Q000070,int 2age = 18;,3,TRUE
O0000168,Q000070,"printf(""A B"");",4,TRUE
O0000169,Q000072,int total = 5; int Total = 7;,1,TRUE
O0000170,Q000072,"int total = 5; printf(""%d"", Total);",2,TRUE
O0000171,Q000072,int student_age = 18;,3,TRUE
O0000172,Q000072,total,4,TRUE
O0000173,Q000073,5 7,1,TRUE
O0000174,Q000073,No output,2,TRUE
O0000175,Q000073,5 7 ,3,TRUE
O0000176,Q000073,Compiler error,4,TRUE
O0000177,Q000075,int total = 5; int Total = 7;,1,TRUE
O0000178,Q000075,"int total = 5; printf(""%d"", Total);",2,TRUE
O0000179,Q000075,int marks = 90; markS = 95;,3,TRUE
O0000180,Q000075,int int = 18;,4,TRUE
O0000181,Q000077,int count = 10;,1,TRUE
O0000182,Q000077,void count = 10;,2,TRUE
O0000183,Q000077,double price = 75.84;,3,TRUE
O0000184,Q000077,Example 4: int count = 10;,4,TRUE
O0000185,Q000078,3 2.5,1,TRUE
O0000186,Q000078,No output,2,TRUE
O0000187,Q000078,3 2.5 ,3,TRUE
O0000188,Q000078,Compiler error,4,TRUE
O0000189,Q000080,int count = 10;,1,TRUE
O0000190,Q000080,void count = 10;,2,TRUE
O0000191,Q000080,"char name = ""Asha"";",3,TRUE
O0000192,Q000080,"int total = 5; printf(""%d"", Total);",4,TRUE
O0000193,Q000082,unsigned int items = 25U;,1,TRUE
O0000194,Q000082,unsigned items = -5;,2,TRUE
O0000195,Q000082,long int population = 90000L;,3,TRUE
O0000196,Q000082,unsigned int,4,TRUE
O0000197,Q000083,25,1,TRUE
O0000198,Q000083,26,2,TRUE
O0000199,Q000083,24,3,TRUE
O0000200,Q000083,0,4,TRUE
O0000201,Q000085,unsigned int items = 25U;,1,TRUE
O0000202,Q000085,unsigned items = -5;,2,TRUE
O0000203,Q000085,long float x;,3,TRUE
O0000204,Q000085,void count = 10;,4,TRUE
O0000205,Q000087,float amount = 30.75f;,1,TRUE
O0000206,Q000087,int temperature = 36.5;,2,TRUE
O0000207,Q000087,double average = 3.88;,3,TRUE
O0000208,Q000087,float temperature = 36.5f;,4,TRUE
O0000209,Q000088,3.5,1,TRUE
O0000210,Q000088,4.5,2,TRUE
O0000211,Q000088,2.5,3,TRUE
O0000212,Q000088,3.50,4,TRUE
O0000213,Q000090,float amount = 30.75f;,1,TRUE
O0000214,Q000090,int temperature = 36.5;,2,TRUE
O0000215,Q000090,"float value = ""3.5"";",3,TRUE
O0000216,Q000090,unsigned items = -5;,4,TRUE
O0000217,Q000092,char letter = 'x';,1,TRUE
O0000218,Q000092,"char letter = ""x"";",2,TRUE
O0000219,Q000092,void print_message(void);,3,TRUE
O0000220,Q000092,char score = 'A';,4,TRUE
O0000221,Q000093,A,1,TRUE
O0000222,Q000093,No output,2,TRUE
O0000223,Q000093,a,3,TRUE
O0000224,Q000093,A ,4,TRUE
O0000225,Q000095,char letter = 'x';,1,TRUE
O0000226,Q000095,"char letter = ""x"";",2,TRUE
O0000227,Q000095,void score = 10;,3,TRUE
O0000228,Q000095,int temperature = 36.5;,4,TRUE
O0000229,Q000097,int count;,1,TRUE
O0000230,Q000097,count int;,2,TRUE
O0000231,Q000097,double price = 75.84;,3,TRUE
O0000232,Q000097,Example 4: int count;,4,TRUE
O0000233,Q000098,2 3,1,TRUE
O0000234,Q000098,No output,2,TRUE
O0000235,Q000098,2 3 ,3,TRUE
O0000236,Q000098,Compiler error,4,TRUE
O0000237,Q000100,int count;,1,TRUE
O0000238,Q000100,count int;,2,TRUE
O0000239,Q000100,"int count, float price;",3,TRUE
O0000240,Q000100,"char letter = ""x"";",4,TRUE
O0000241,Q000102,typedef float units; units weight;,1,TRUE
O0000242,Q000102,typedef units float;,2,TRUE
O0000243,Q000102,typedef int count_type; count_type n;,3,TRUE
O0000244,Q000102,typedef float units;,4,TRUE
O0000245,Q000103,4,1,TRUE
O0000246,Q000103,5,2,TRUE
O0000247,Q000103,3,3,TRUE
O0000248,Q000103,0,4,TRUE
O0000249,Q000105,typedef float units; units weight;,1,TRUE
O0000250,Q000105,typedef units float;,2,TRUE
O0000251,Q000105,typedef float; units x;,3,TRUE
O0000252,Q000105,count int;,4,TRUE
O0000253,Q000107,"enum day {Mon, Tue, Wed};",1,TRUE
O0000254,Q000107,"enum day (Mon, Tue);",2,TRUE
O0000255,Q000107,"enum state {OFF=0, ON=1};",3,TRUE
O0000256,Q000107,"enum day {Mon, Tue};",4,TRUE
O0000257,Q000108,1,1,TRUE
O0000258,Q000108,2,2,TRUE
O0000259,Q000108,0,3,TRUE
O0000260,Q000108,Compiler error,4,TRUE
O0000261,Q000110,"enum day {Mon, Tue, Wed};",1,TRUE
O0000262,Q000110,"enum day (Mon, Tue);",2,TRUE
O0000263,Q000110,enum day {Mon Tue};,3,TRUE
O0000264,Q000110,typedef units float;,4,TRUE
O0000265,Q000112,static int count = 0;,1,TRUE
O0000266,Q000112,storage int count;,2,TRUE
O0000267,Q000112,extern int total;,3,TRUE
O0000268,Q000112,static int count;,4,TRUE
O0000269,Q000113,3,1,TRUE
O0000270,Q000113,4,2,TRUE
O0000271,Q000113,2,3,TRUE
O0000272,Q000113,0,4,TRUE
O0000273,Q000115,static int count = 0;,1,TRUE
O0000274,Q000115,storage int count;,2,TRUE
O0000275,Q000115,static extern int x;,3,TRUE
O0000276,Q000115,"enum day (Mon, Tue);",4,TRUE
O0000277,Q000117,int year = 1; year = year + 1;,1,TRUE
O0000278,Q000117,18 = age;,2,TRUE
O0000279,Q000117,char yes; yes = 'x';,3,TRUE
O0000280,Q000117,age = 18;,4,TRUE
O0000281,Q000118,2,1,TRUE
O0000282,Q000118,3,2,TRUE
O0000283,Q000118,1,3,TRUE
O0000284,Q000118,0,4,TRUE
O0000285,Q000120,int year = 1; year = year + 1;,1,TRUE
O0000286,Q000120,18 = age;,2,TRUE
O0000287,Q000120,int age; age == 18;,3,TRUE
O0000288,Q000120,storage int count;,4,TRUE
O0000289,Q000122,int count = 0;,1,TRUE
O0000290,Q000122,"int count; printf(""%d"", count);",2,TRUE
O0000291,Q000122,double price = 75.84;,3,TRUE
O0000292,Q000122,Example 4: int count = 0;,4,TRUE
O0000293,Q000123,0 3,1,TRUE
O0000294,Q000123,No output,2,TRUE
O0000295,Q000123,0 3 ,3,TRUE
O0000296,Q000123,Compiler error,4,TRUE
O0000297,Q000125,int count = 0;,1,TRUE
O0000298,Q000125,"int count; printf(""%d"", count);",2,TRUE
O0000299,Q000125,int count = ;,3,TRUE
O0000300,Q000125,18 = age;,4,TRUE
O0000301,Q000127,"int number; scanf(""%d"", &number);",1,TRUE
O0000302,Q000127,"int number; scanf(""%d"", number);",2,TRUE
O0000303,Q000127,"float x; scanf(""%f"", &x);",3,TRUE
O0000304,Q000127,"scanf(""%d"", &number);",4,TRUE
O0000305,Q000128,7,1,TRUE
O0000306,Q000128,8,2,TRUE
O0000307,Q000128,6,3,TRUE
O0000308,Q000128,0,4,TRUE
O0000309,Q000130,"int number; scanf(""%d"", &number);",1,TRUE
O0000310,Q000130,"int number; scanf(""%d"", number);",2,TRUE
O0000311,Q000130,"float x; scanf(""%d"", &x);",3,TRUE
O0000312,Q000130,"int count; printf(""%d"", count);",4,TRUE
O0000313,Q000132,#define MAX 100 int n = MAX;,1,TRUE
O0000314,Q000132,#define MAX 100;,2,TRUE
O0000315,Q000132,#define PI 3.14159,3,TRUE
O0000316,Q000132,#define MAX 100,4,TRUE
O0000317,Q000133,100,1,TRUE
O0000318,Q000133,101,2,TRUE
O0000319,Q000133,99,3,TRUE
O0000320,Q000133,0,4,TRUE
O0000321,Q000135,#define MAX 100 int n = MAX;,1,TRUE
O0000322,Q000135,#define MAX 100;,2,TRUE
O0000323,Q000135,MAX = 200;,3,TRUE
O0000324,Q000135,"int number; scanf(""%d"", number);",4,TRUE
O0000325,Q000137,const int class_size = 40;,1,TRUE
O0000326,Q000137,const int class_size = 40; class_size = 50;,2,TRUE
O0000327,Q000137,const double rate = 0.1;,3,TRUE
O0000328,Q000137,Example 4: const int class_size = 40;,4,TRUE
O0000329,Q000138,40,1,TRUE
O0000330,Q000138,41,2,TRUE
O0000331,Q000138,39,3,TRUE
O0000332,Q000138,0,4,TRUE
O0000333,Q000140,const int class_size = 40;,1,TRUE
O0000334,Q000140,const int class_size = 40; class_size = 50;,2,TRUE
O0000335,Q000140,const value = 10;,3,TRUE
O0000336,Q000140,#define MAX 100;,4,TRUE
O0000337,Q000142,volatile int status;,1,TRUE
O0000338,Q000142,volatile = int status;,2,TRUE
O0000339,Q000142,volatile const int sensor = 0;,3,TRUE
O0000340,Q000142,Example 4: volatile int status;,4,TRUE
O0000341,Q000143,1,1,TRUE
O0000342,Q000143,2,2,TRUE
O0000343,Q000143,0,3,TRUE
O0000344,Q000143,Compiler error,4,TRUE
O0000345,Q000145,volatile int status;,1,TRUE
O0000346,Q000145,volatile = int status;,2,TRUE
O0000347,Q000145,int volatile();,3,TRUE
O0000348,Q000145,const int class_size = 40; class_size = 50;,4,TRUE
O0000349,Q000147,long long population = 5000000000LL;,1,TRUE
O0000350,Q000147,/* assume signed overflow always wraps to zero */,2,TRUE
O0000351,Q000147,double tiny = 1e-200;,3,TRUE
O0000352,Q000147,choose a suitable type,4,TRUE
O0000353,Q000148,5000000000,1,TRUE
O0000354,Q000148,5000000001,2,TRUE
O0000355,Q000148,4999999999,3,TRUE
O0000356,Q000148,0,4,TRUE
O0000357,Q000150,long long population = 5000000000LL;,1,TRUE
O0000358,Q000150,/* assume signed overflow always wraps to zero */,2,TRUE
O0000359,Q000150,char huge = 1000000;,3,TRUE
O0000360,Q000150,volatile = int status;,4,TRUE